-0.68,0.84,-0.78519331954509
0.68,-0.39,0.78320764081986
-0.69,0.7,-0.14893696193332
-0.35,-0.39,0.70581390730213
-0.05,0.41,-0.21064041425126
-0.92,0.94,-0.3817205653963
-1,0.71,-0.010379719898123
0.63,-0.25,0.50013524625295
-0.37,0.93,-0.73810160740754
-0.47,0.42,-0.076030227705078
0.85,0.62,0.41159478546602
0.37,0.68,-0.26426967400967
0.86,0.34,0.085504554730419
-0.05,-0.2,-0.065359711471157
0.11,0.2,-0.11845405974715
0.12,-0.57,0.82744180109324
0.18,-0.28,0.017382773418919
0.83,-0.37,0.90341302147236
0.81,-0.6,1.0654165029537
-0.69,-0.29,1.1065272212029
0.22,-0.1,0.16597052803487
-0.55,0.31,0.045300239618021
-0.77,0.16,0.57301673682598
-0.1,-0.08,0.058785278871921
-0.19,0.52,-0.60344454095396
0.4,0.38,-0.099058948641927
-0.41,0.64,-0.12797947888706
-0.26,0.4,-0.017658139935016
0.2,-0.71,1.0144402200456
-0.87,-0.7,1.4437581002932
-0.78,-0.87,1.4477585086471
-0.13,0.34,-0.067338945399662
-0.51,-0.92,0.72109831379685
0.25,0.25,-0.072316954779537
0.7,0.28,0.5993824691273
-0.65,0.13,0.38271247608681
-0.13,-0.77,0.5318485407092
0.64,-0.51,1.1546678715397
0.32,-0.11,-0.078866935603839
-0.32,-0.29,0.31205758293999
-0.95,-0.5,1.1356132276465
-0.24,0.87,-0.47561969202505
-0.78,0.26,0.46627907485628
0.55,-0.52,0.74583260569759
0.74,0.04,0.45711226337995
0.48,0.64,-0.13255780639306
-0.8,0.73,-0.35953291635865
-0.8,-0.97,1.8099766705312
0.28,-0.15,0.70848919768748
-0.74,-0.99,1.7149131531466
0.82,0.21,0.71206471783389
0.65,0.47,0.24841122958839
-0.67,-0.47,0.77593575181291
0.27,0.79,-0.58964497692693
0.26,-0.06,0.24640781083174
-0.54,0.34,-0.078022385749076
-0.95,0.57,0.7283297236266
-0.22,-0.48,0.71017048817216
-0.07,0.32,-0.62180384357986
-0.88,-0.78,1.4473380508329
0.19,-0.11,-0.054127069891015
-0.71,0.34,0.16069813803971
0.33,-0.86,0.82583180478041
-0.17,0.4,-0.36761392094677
0.33,0.85,-0.86042373264064
0.5,-0.89,0.86838946268353
-0.82,-0.85,1.665411151873
-0.83,0.9,-0.16749465925493
0.22,0.02,-0.070816797179327
-0.47,-0.59,0.61557001751413
0.22,-0.54,0.88934332823789
0.8,0.35,0.060588639975813
-0.5,0.7,-0.20899262398399
-0.54,0.9,-0.45955103822515
0.1,0.14,-0.23639490197514
0.73,-0.36,0.97468195285565
0.55,0.33,-0.38317257411316
0.15,-0.82,0.62280584404687
-0.06,-0.94,0.98727043049769
0.37,0.4,-0.17745689090403
0.17,-0.07,0.15059551186434
-0.11,0.82,-0.44476888129228
0.74,0.64,-0.54665764134452
0.66,-0.29,0.44914802677463
-0.16,-0.45,0.35090122174024
-0.65,-0.82,1.2095129334188
-0.37,0.33,-0.036547645464475
-0.02,-0.64,0.85448018061496
-0.99,0.3,0.47924785475615
0.2,-0.56,0.83438188131078
0.7,-0.71,1.7640577942958
-0.46,-0.89,1.4007088317132
0.96,-0.14,0.98117736410206
-0.99,0.24,0.6105324046913
0.01,0.24,-0.17644020535665
0.95,0.56,0.6716282913009
-0.26,-0.1,0.0068681044179782
-0.61,0.89,-0.42394579955609
-0.31,0.42,-0.45378557528195
-0.87,0.24,0.3898471529542
0.79,-0.1,0.47414466131464
0.81,-0.3,0.82223775081512
0.68,-0.37,0.86464282019521
-0.19,0.14,-0.33853034905597
-0.18,0.35,-0.41862767632013
-0.63,-0.49,0.83177013829845
-0.92,-0.92,1.4865717212183
-0.77,-0.15,0.75667190133211
-0.81,0.42,0.23852819189932
-0.33,0.56,-0.28470818811508
-0.18,0.77,-0.67717138249534
0.99,0.07,0.77121539567454
0.82,0.5,0.061281006445516
-0.68,0.28,-0.0048189001248319
0.59,0.44,-0.058371156835002
0.46,-0.05,0.017234150095627
-0.47,-0.4,0.35639411005145
0.57,0.19,0.25282829410452
-0.69,-0.5,0.38235602240195
-0.41,0,0.12577959757054
-0.73,0.39,0.13024428542005
0.06,0.01,-0.30560628522988
-0.22,-0.54,0.38589927993327
0.53,-0.69,0.95269220557912
-0.5,0.99,-0.77902190726687
-0.36,-0.96,1.2709706662595
0.36,-0.16,0.19833022454306
-0.54,0.02,0.45629062788276
-0.87,-0.06,1.0821505827591
-0.58,-0.93,0.95260962678737
0.73,-0.92,1.3781337661102
0.5,-1,1.3737442622308
0.62,-0.73,1.550434342085
0.5,-0.1,-0.24099023403127
0.57,-0.48,0.65920850002966
-0.39,-0.83,0.94362525565161
-0.87,-0.43,0.63733803016582
-0.36,0.92,-0.65576900590632
0.64,0.68,-0.26695146316306
0.17,0.61,-0.37328217786265
-0.63,-0.42,0.58381356886724
-0.82,0.49,0.086357841945513
0.96,0.79,0.16761855056523
0.65,0.17,-0.019726139978963
0.13,0.52,-0.47287091453494
0.09,-0.13,-0.032681725905021
0.35,-0.19,0.46922013685051
-0.72,-0.75,1.5475516924937
-0.57,-0.55,0.91465917474683
0.77,0.87,-0.23761258391943
-0.86,-0.71,1.2383727385698
0.83,-0.74,1.470380556873
-0.33,-0.98,0.90067885869149
-0.08,-0.5,0.86249107394987
0.84,0.28,0.21241071823932
-0.11,-0.89,0.84985646538504
0.53,0,0.59148196943975
0.87,-0.32,1.0661231190487
-0.39,0.14,0.21364223628947
-0.14,0.54,-0.16753825825615
-0.08,0.76,-0.72928681265985
-0.43,0.03,0.47974418178013
0.36,-0.91,1.0070515200017
-0.03,0.72,-0.78190431231701
-0.38,-0.8,1.2407615016204
-0.88,-0.55,1.4005990258369
-0.94,0.67,0.12443427190339
-0.31,-0.95,0.9264291561376
0.22,0.93,-1.3058773458643
-0.25,-0.08,0.46298389163771
-0.9,-0.19,0.62596793452936
-0.69,-0.33,1.2286957566071
-0.16,0.53,-0.57927286451845
-0.64,-0.25,0.52585862428341
0.76,0.79,-0.51149425353515
-0.57,0.13,0.23755096577113
-0.3,1,-0.91859109933342
0.84,0.01,0.51459840805877
0.53,0.42,0.29336933577641
0.95,-0.78,1.2375881418576
-0.39,0.42,-0.55030365934115
0.75,0.83,-0.14403778766608
-0.21,0.61,-0.32698483006271
0.4,-0.69,0.56243881149278
0.91,-0.81,1.2733428801362
0.2,0.7,-1.139782012029
1,-0.67,1.8013897503726
0.75,-0.41,1.1651308781444
-0.86,0.5,0.33740681105133
-0.83,0.06,0.86240383020285
0.11,-0.87,0.86024433511927
0.38,0.61,-0.53321012597263
0.25,0.73,-0.39395144469425
-0.26,-0.92,0.91311495891974
0.62,0.05,0.31312252564595
0.21,-0.02,0.13194384527539
0.92,0.78,-0.22640011163554
0.6,0.54,0.26619782322164
0.49,-0.35,0.81703143697992
